-- MySQL dump 10.13  Distrib 5.7.23, for osx10.9 (x86_64)
--
-- Host: us-cdbr-iron-east-03.cleardb.net    Database: heroku_465809b09e0a5ba
-- ------------------------------------------------------
-- Server version	5.5.56-log

/*!40101 SET @OLD_CHARACTER_SET_CLIENT=@@CHARACTER_SET_CLIENT */;
/*!40101 SET @OLD_CHARACTER_SET_RESULTS=@@CHARACTER_SET_RESULTS */;
/*!40101 SET @OLD_COLLATION_CONNECTION=@@COLLATION_CONNECTION */;
/*!40101 SET NAMES utf8 */;
/*!40103 SET @OLD_TIME_ZONE=@@TIME_ZONE */;
/*!40103 SET TIME_ZONE='+00:00' */;
/*!40014 SET @OLD_UNIQUE_CHECKS=@@UNIQUE_CHECKS, UNIQUE_CHECKS=0 */;
/*!40014 SET @OLD_FOREIGN_KEY_CHECKS=@@FOREIGN_KEY_CHECKS, FOREIGN_KEY_CHECKS=0 */;
/*!40101 SET @OLD_SQL_MODE=@@SQL_MODE, SQL_MODE='NO_AUTO_VALUE_ON_ZERO' */;
/*!40111 SET @OLD_SQL_NOTES=@@SQL_NOTES, SQL_NOTES=0 */;

--
-- Table structure for table `forms`
--

DROP TABLE IF EXISTS `forms`;
/*!40101 SET @saved_cs_client     = @@character_set_client */;
/*!40101 SET character_set_client = utf8 */;
CREATE TABLE `forms` (
  `id` int(10) unsigned NOT NULL AUTO_INCREMENT,
  `content` longtext COLLATE utf8_unicode_ci NOT NULL,
  `created_at` timestamp NULL DEFAULT NULL,
  `updated_at` timestamp NULL DEFAULT NULL,
  `deleted_at` timestamp NULL DEFAULT NULL,
  PRIMARY KEY (`id`)
) ENGINE=InnoDB AUTO_INCREMENT=112 DEFAULT CHARSET=utf8 COLLATE=utf8_unicode_ci;
/*!40101 SET character_set_client = @saved_cs_client */;

--
-- Dumping data for table `forms`
--

LOCK TABLES `forms` WRITE;
/*!40000 ALTER TABLE `forms` DISABLE KEYS */;
INSERT INTO `forms` VALUES (2,'',NULL,NULL,NULL),(12,'{\"settings\":{\"action\":\"http://formbuilder-sf-staging.herokuapp.com/form/submit\",\"method\":\"POST\",\"name\":\"Apply for a Legacy Business Grant\"},\"data\":[{\"textarea\":\"Contact information\",\"id\":\"contact_info\",\"formtype\":\"m06\",\"type\":\"text\"},{\"label\":\"Name\",\"placeholder\":\"\",\"help\":\"\",\"id\":\"name\",\"formtype\":\"c02\",\"name\":\"name\",\"type\":\"text\",\"required\":\"true\"},{\"label\":\"Email\",\"placeholder\":\"name@email.com\",\"help\":\"\",\"id\":\"email\",\"formtype\":\"c04\",\"name\":\"email\",\"type\":\"email\",\"required\":\"true\"},{\"label\":\"Phone\",\"placeholder\":\"\",\"help\":\"\",\"id\":\"phone\",\"formtype\":\"c06\",\"name\":\"phone\",\"type\":\"tel\",\"required\":\"true\",\"minlength\":\"10\"},{\"label\":\"Business information\",\"id\":\"page_separator\",\"formtype\":\"m16\",\"type\":\"text\"},{\"label\":\"How many locations does your business have?\",\"placeholder\":\"\",\"help\":\"\",\"id\":\"number_locations\",\"formtype\":\"d06\",\"type\":\"number\",\"required\":\"true\",\"name\":\"number_locations\"},{\"label\":\"Your business name\",\"placeholder\":\"\",\"help\":\"\",\"id\":\"business_name\",\"formtype\":\"i02\",\"type\":\"text\",\"required\":\"true\",\"name\":\"business_name\"},{\"label\":\"Location 1 address\",\"placeholder\":\"\",\"help\":\"\",\"id\":\"business_address_1\",\"formtype\":\"i02\",\"type\":\"text\",\"required\":\"true\",\"name\":\"business_address_1\"},{\"label\":\"Location 1 city\",\"placeholder\":\"\",\"help\":\"\",\"id\":\"business_city_1\",\"formtype\":\"i02\",\"type\":\"text\",\"required\":\"true\",\"name\":\"business_city_1\"},{\"label\":\"Location 1 state\",\"placeholder\":\"\",\"help\":\"\",\"id\":\"business_state_1\",\"formtype\":\"i02\",\"type\":\"text\",\"required\":\"true\",\"name\":\"business_state_1\"},{\"label\":\"Location 1 zip code\",\"placeholder\":\"\",\"help\":\"Like 94103\",\"id\":\"business_zip_1\",\"formtype\":\"i02\",\"type\":\"text\",\"required\":\"true\",\"name\":\"business_zip_1\"},{\"label\":\"Location 2 address\",\"placeholder\":\"\",\"help\":\"\",\"id\":\"business_address_2\",\"formtype\":\"i02\",\"type\":\"text\",\"required\":\"true\",\"name\":\"business_address_2\",\"conditions\":{\"showHide\":\"Show\",\"allAny\":false,\"condition\":[{\"id\":\"number_locations\",\"op\":\"is more than\",\"val\":\"1\"}]}},{\"label\":\"Location 2 city\",\"placeholder\":\"\",\"help\":\"\",\"id\":\"business_city_2\",\"formtype\":\"i02\",\"type\":\"text\",\"required\":\"true\",\"name\":\"business_city_2\",\"conditions\":{\"showHide\":\"Show\",\"allAny\":false,\"condition\":[{\"id\":\"number_locations\",\"op\":\"is more than\",\"val\":\"1\"}]}},{\"label\":\"Location 2 state\",\"placeholder\":\"\",\"help\":\"\",\"id\":\"business_state_2\",\"formtype\":\"i02\",\"type\":\"text\",\"required\":\"true\",\"name\":\"business_state_2\",\"conditions\":{\"showHide\":\"Show\",\"allAny\":false,\"condition\":[{\"id\":\"number_locations\",\"op\":\"is more than\",\"val\":\"1\"}]}},{\"label\":\"Location 2 zip code\",\"placeholder\":\"\",\"help\":\"Like 94103\",\"id\":\"business_zip_2\",\"formtype\":\"i02\",\"type\":\"text\",\"required\":\"true\",\"name\":\"business_zip_2\",\"conditions\":{\"showHide\":\"Show\",\"allAny\":false,\"condition\":[{\"id\":\"number_locations\",\"op\":\"is more than\",\"val\":\"1\"}]}},{\"label\":\"Location 3 address\",\"placeholder\":\"\",\"help\":\"\",\"id\":\"business_address_3\",\"formtype\":\"i02\",\"type\":\"text\",\"required\":\"true\",\"name\":\"business_address_3\",\"conditions\":{\"showHide\":\"Show\",\"allAny\":false,\"condition\":[{\"id\":\"number_locations\",\"op\":\"is more than\",\"val\":\"2\"}]}},{\"label\":\"Location 3 city\",\"placeholder\":\"\",\"help\":\"\",\"id\":\"business_city_3\",\"formtype\":\"i02\",\"type\":\"text\",\"required\":\"true\",\"name\":\"business_city_3\",\"conditions\":{\"showHide\":\"Show\",\"allAny\":false,\"condition\":[{\"id\":\"number_locations\",\"op\":\"is more than\",\"val\":\"2\"}]}},{\"label\":\"Location 3 state\",\"placeholder\":\"\",\"help\":\"\",\"id\":\"business_state_3\",\"formtype\":\"i02\",\"type\":\"text\",\"required\":\"true\",\"name\":\"business_state_3\",\"conditions\":{\"showHide\":\"Show\",\"allAny\":false,\"condition\":[{\"id\":\"number_locations\",\"op\":\"is more than\",\"val\":\"2\"}]}},{\"label\":\"Location 3 zip code\",\"placeholder\":\"\",\"help\":\"Like 94103\",\"id\":\"business_zip_3\",\"formtype\":\"i02\",\"type\":\"text\",\"required\":\"true\",\"name\":\"business_zip_3\",\"conditions\":{\"showHide\":\"Show\",\"allAny\":false,\"condition\":[{\"id\":\"number_locations\",\"op\":\"is more than\",\"val\":\"2\"}]}},{\"label\":\"Location 4 address\",\"placeholder\":\"\",\"help\":\"\",\"id\":\"business_address_4\",\"formtype\":\"i02\",\"type\":\"text\",\"required\":\"true\",\"name\":\"business_address_4\",\"conditions\":{\"showHide\":\"Show\",\"allAny\":false,\"condition\":[{\"id\":\"number_locations\",\"op\":\"is more than\",\"val\":\"3\"}]}},{\"label\":\"Location 4 city\",\"placeholder\":\"\",\"help\":\"\",\"id\":\"business_city_4\",\"formtype\":\"i02\",\"type\":\"text\",\"required\":\"true\",\"name\":\"business_city_4\",\"conditions\":{\"showHide\":\"Show\",\"allAny\":false,\"condition\":[{\"id\":\"number_locations\",\"op\":\"is more than\",\"val\":\"3\"}]}},{\"label\":\"Location 4 state\",\"placeholder\":\"\",\"help\":\"\",\"id\":\"business_state_4\",\"formtype\":\"i02\",\"type\":\"text\",\"required\":\"true\",\"name\":\"business_state_4\",\"conditions\":{\"showHide\":\"Show\",\"allAny\":false,\"condition\":[{\"id\":\"number_locations\",\"op\":\"is more than\",\"val\":\"3\"}]}},{\"label\":\"Location 4 zip code\",\"placeholder\":\"\",\"help\":\"Like 94103\",\"id\":\"text_input\",\"formtype\":\"i02\",\"type\":\"text\",\"required\":\"true\",\"conditions\":{\"showHide\":\"Show\",\"allAny\":false,\"condition\":[{\"id\":\"number_locations\",\"op\":\"is more than\",\"val\":\"3\"}]}},{\"label\":\"Location 5 address\",\"placeholder\":\"\",\"help\":\"\",\"id\":\"business_address_5\",\"formtype\":\"i02\",\"type\":\"text\",\"required\":\"true\",\"name\":\"business_address_5\",\"conditions\":{\"showHide\":\"Show\",\"allAny\":false,\"condition\":[{\"id\":\"number_locations\",\"op\":\"is more than\",\"val\":\"4\"}]}},{\"label\":\"Location 5 city\",\"placeholder\":\"\",\"help\":\"\",\"id\":\"business_city_5\",\"formtype\":\"i02\",\"type\":\"text\",\"required\":\"true\",\"name\":\"business_city_5\",\"conditions\":{\"showHide\":\"Show\",\"allAny\":false,\"condition\":[{\"id\":\"number_locations\",\"op\":\"is more than\",\"val\":\"4\"}]}},{\"label\":\"Location 5 state\",\"placeholder\":\"\",\"help\":\"\",\"id\":\"business_state_5\",\"formtype\":\"i02\",\"type\":\"text\",\"required\":\"true\",\"name\":\"business_state_5\",\"conditions\":{\"showHide\":\"Show\",\"allAny\":false,\"condition\":[{\"id\":\"number_locations\",\"op\":\"is more than\",\"val\":\"4\"}]}},{\"label\":\"Location 5 zip code\",\"placeholder\":\"\",\"help\":\"Like 94103\",\"id\":\"business_zip_5\",\"formtype\":\"i02\",\"type\":\"text\",\"required\":\"true\",\"name\":\"business_zip_5\",\"conditions\":{\"showHide\":\"Show\",\"allAny\":false,\"condition\":[{\"id\":\"number_locations\",\"op\":\"is more than\",\"val\":\"4\"}]}},{\"label\":\"Rent or mortgage to gross revenue\",\"id\":\"page_separator_1\",\"formtype\":\"m16\",\"type\":\"text\"},{\"label\":\"How much did your business spend on rent during 2017?\",\"placeholder\":\"\",\"help\":\"\",\"id\":\"spend_2017\",\"formtype\":\"d08\",\"type\":\"number\",\"required\":\"true\",\"name\":\"spend_2017\"},{\"label\":\"How much did your business earn in terms of gross revenue in 2017?\",\"placeholder\":\"\",\"help\":\"\",\"id\":\"gross_revenue_2017\",\"formtype\":\"d08\",\"type\":\"number\",\"required\":\"true\",\"name\":\"gross_revenue_2017\"},{\"label\":\"[Hidden Form Element]\",\"hidden\":\"\",\"id\":\"hidden_100\",\"formtype\":\"m11\",\"type\":\"text\",\"value\":\"100\",\"name\":\"hidden_100\"},{\"label\":\"Percent of rent or mortgage that is gross\",\"placeholder\":\"\",\"help\":\"\",\"id\":\"percent_rent_mortgage\",\"formtype\":\"d06\",\"type\":\"number\",\"required\":\"true\",\"name\":\"percent_rent_mortgage\",\"calculations\":[\"spend_2017\",\"Divided by\",\"gross_revenue_2017\",\"Multiplied by\",\"hidden_100\"]},{\"label\":\"Business Closure\",\"id\":\"page_separator_2\",\"formtype\":\"m16\",\"type\":\"text\"},{\"label\":\"Was your business closed at any time from July 1, 2017 to June 30, 2018?\",\"radios\":\"Yes\\nNo\",\"id\":\"business_closure\",\"formtype\":\"s08\",\"required\":\"true\",\"name\":\"business_closure\"},{\"label\":\"When did your business close?\",\"placeholder\":\"\",\"help\":\"\",\"id\":\"close_date\",\"formtype\":\"d02\",\"type\":\"date\",\"required\":\"true\",\"name\":\"close_date\",\"conditions\":{\"showHide\":\"Show\",\"allAny\":false,\"condition\":[{\"id\":\"business_closure\",\"op\":\"matches\",\"val\":\"Yes\"}]}},{\"label\":\"When did your business reopen?\",\"placeholder\":\"\",\"help\":\"\",\"id\":\"reopen_date\",\"formtype\":\"d02\",\"type\":\"date\",\"required\":\"true\",\"name\":\"reopen_date\",\"conditions\":{\"showHide\":\"Show\",\"allAny\":false,\"condition\":[{\"id\":\"business_closure\",\"op\":\"matches\",\"val\":\"Yes\"}]}},{\"label\":\"Which location was closed?\",\"placeholder\":\"\",\"help\":\"\",\"id\":\"closed_address\",\"formtype\":\"i02\",\"type\":\"text\",\"required\":\"true\",\"name\":\"closed_address\",\"conditions\":{\"showHide\":\"Show\",\"allAny\":false,\"condition\":[{\"id\":\"business_closure\",\"op\":\"matches\",\"val\":\"Yes\"}]}},{\"label\":\"What was the reason this location was closed?\",\"placeholder\":\"\",\"help\":\"\",\"id\":\"reason_closed\",\"formtype\":\"i02\",\"type\":\"text\",\"required\":\"true\",\"name\":\"reason_closed\",\"conditions\":{\"showHide\":\"Show\",\"allAny\":false,\"condition\":[{\"id\":\"business_closure\",\"op\":\"matches\",\"val\":\"Yes\"}]}},{\"label\":\"Business assistance grant worksheet\",\"id\":\"page_separator_3\",\"formtype\":\"m16\",\"type\":\"text\"},{\"label\":\"How many full-time employees did you employ between July 1, 2017 to June 30, 2018?\",\"placeholder\":\"\",\"help\":\"\",\"id\":\"num_fte\",\"formtype\":\"d06\",\"type\":\"number\",\"required\":\"true\",\"name\":\"num_fte\"},{\"codearea\":\"Link to Business Grant worksheet\",\"id\":\"worksheet\",\"formtype\":\"m10\"},{\"label\":\"[Hidden Form Element]\",\"hidden\":\"\",\"id\":\"hidden_500\",\"formtype\":\"m11\",\"type\":\"text\",\"value\":\"500\",\"name\":\"hidden_500\"},{\"label\":\"How much money are you asking for?\",\"placeholder\":\"\",\"help\":\"You can ask up to $500 for every full-time employee up to a total of $50,000\",\"id\":\"how_much_money\",\"formtype\":\"d08\",\"name\":\"how_much_money\",\"type\":\"number\",\"required\":\"true\",\"calculations\":[\"num_fte\",\"Multiplied by\",\"hidden_500\"]},{\"label\":\"How will you use the grant?\",\"checkboxes\":\"Insurance\\nRent\\nRemodel\\nOther\",\"id\":\"grant_use\",\"formtype\":\"s06\",\"required\":\"false\",\"name\":\"grant_use\"},{\"label\":\"Other grants from the City\",\"id\":\"page_separator_4\",\"formtype\":\"m16\",\"type\":\"text\"},{\"label\":\"Have you received or applied for any business stabilization grants from the City within the last 3 years?\",\"radios\":\"Yes\\nNo\",\"id\":\"received_grant\",\"formtype\":\"s08\",\"required\":\"true\",\"name\":\"received_grant\"},{\"label\":\"What was the name of the grant?\",\"placeholder\":\"\",\"help\":\"\",\"id\":\"grant_name\",\"formtype\":\"i02\",\"type\":\"text\",\"required\":\"true\",\"name\":\"grant_name\",\"conditions\":{\"showHide\":\"Show\",\"allAny\":false,\"condition\":[{\"id\":\"received_grant\",\"op\":\"matches\",\"val\":\"Yes\"}]}},{\"label\":\"What was the amount of the grant?\",\"placeholder\":\"\",\"help\":\"Estimate if you don&apos;t know\",\"id\":\"grant_amount\",\"formtype\":\"d08\",\"type\":\"number\",\"required\":\"true\",\"name\":\"grant_amount\",\"conditions\":{\"showHide\":\"Show\",\"allAny\":false,\"condition\":[{\"id\":\"received_grant\",\"op\":\"matches\",\"val\":\"Yes\"}]}},{\"label\":\"When was the start date of the grant?\",\"placeholder\":\"\",\"help\":\"\",\"id\":\"grant_start_date\",\"formtype\":\"d02\",\"type\":\"date\",\"required\":\"true\",\"name\":\"grant_start_date\",\"conditions\":{\"showHide\":\"Show\",\"allAny\":false,\"condition\":[{\"id\":\"received_grant\",\"op\":\"matches\",\"val\":\"Yes\"}]}},{\"label\":\"When was the end date of the grant?\",\"placeholder\":\"\",\"help\":\"\",\"id\":\"grant_end_date\",\"formtype\":\"d02\",\"type\":\"date\",\"required\":\"true\",\"name\":\"grant_end_date\",\"conditions\":{\"showHide\":\"Show\",\"allAny\":false,\"condition\":[{\"id\":\"received_grant\",\"op\":\"matches\",\"val\":\"Yes\"}]}},{\"label\":\"Is your business registered as a City Supplier?\",\"radios\":\"Yes\\nNo\",\"id\":\"city_supplier\",\"formtype\":\"s08\",\"required\":\"true\",\"name\":\"city_supplier\"},{\"label\":\"What is your Supplier ID (if known)?\",\"placeholder\":\"\",\"help\":\"\",\"id\":\"text_input_1\",\"formtype\":\"i02\",\"type\":\"text\",\"required\":\"true\",\"conditions\":{\"showHide\":\"Show\",\"allAny\":false,\"condition\":[{\"id\":\"city_supplier\",\"op\":\"matches\",\"val\":\"Yes\"}]}},{\"label\":\"Is your business registered as a Bidder with the City and County of San Francisco?\",\"radios\":\"Yes\\nNo\",\"id\":\"bidder\",\"formtype\":\"s08\",\"required\":\"true\",\"name\":\"bidder\"},{\"label\":\"What is your Bidder ID (if known)?\",\"placeholder\":\"\",\"help\":\"\",\"id\":\"bidder_id\",\"formtype\":\"i02\",\"type\":\"text\",\"required\":\"true\",\"name\":\"bidder_id\",\"conditions\":{\"showHide\":\"Show\",\"allAny\":false,\"condition\":[{\"id\":\"bidder\",\"op\":\"matches\",\"val\":\"Yes\"}]}},{\"textarea\":\"You should register as a Bidder so that you can supply the city\",\"id\":\"register_as_bidder\",\"formtype\":\"m08\",\"conditions\":{\"showHide\":\"Show\",\"allAny\":false,\"condition\":[{\"id\":\"bidder\",\"op\":\"matches\",\"val\":\"No\"}]}},{\"label\":\"Agreements\",\"id\":\"page_separator_5\",\"formtype\":\"m16\",\"type\":\"text\"},{\"label\":\"\",\"checkboxes\":\"I declare under penalty of perjury that the information I am submitting is true and correct. If I give false or incomplete information the Office of Small Business can deny my Legacy Business grant request or revoke my grant.\\nI understand that my grant application is void or revoked if my company owes money to the City and County of San Francisco.\\nI understand that my grant application is void or revoked if my company has any current determinations or violations of any of the City&apos;s&apos; labor laws.\\nI understand that my grant application is void or revoked if my business owes any penalties or payments to the Office of Labor Standards Enforcement.\",\"id\":\"multiple_checkboxes\",\"formtype\":\"s06\",\"required\":\"true\"}]}','2019-02-12 22:19:19','2019-02-15 17:29:09','2019-02-15 17:29:09'),(22,'{\"settings\":{\"action\":\"\",\"method\":\"POST\",\"name\":\"Second Form\"},\"data\":[{\"label\":\"Name\",\"placeholder\":\"placeholder\",\"help\":\"Supporting help text\",\"id\":\"name\",\"formtype\":\"c02\",\"name\":\"name\",\"type\":\"text\",\"required\":\"true\"},{\"label\":\"Email\",\"placeholder\":\"placeholder\",\"help\":\"Supporting help text\",\"id\":\"email\",\"formtype\":\"c04\",\"name\":\"email\",\"type\":\"email\",\"required\":\"true\"}]}','2019-02-12 22:20:27','2019-02-14 01:26:53',NULL),(32,'{\"settings\":{\"action\":\"\",\"method\":\"POST\",\"name\":\"My Form\"},\"data\":[{\"label\":\"Date\",\"placeholder\":\"placeholder\",\"help\":\"Supporting help text\",\"id\":\"date\",\"formtype\":\"d02\",\"type\":\"date\",\"required\":\"true\"},{\"label\":\"Time\",\"placeholder\":\"placeholder\",\"help\":\"Supporting help text\",\"id\":\"time\",\"formtype\":\"d04\",\"type\":\"time\",\"required\":\"true\"}]}','2019-02-13 02:26:30','2019-02-13 02:29:01',NULL),(42,'{\"settings\":{\"action\":\"\",\"method\":\"POST\",\"name\":\"My Form\"},\"data\":[]}','2019-02-13 21:40:02','2019-02-13 21:40:02',NULL),(52,'{\"settings\":{\"action\":\"\",\"method\":\"POST\",\"name\":\"asffwedf\"},\"data\":[]}','2019-02-14 01:22:27','2019-02-14 01:34:30','2019-02-14 01:34:30'),(62,'{\"settings\":{\"action\":\"\",\"method\":\"POST\",\"name\":\"Accessory Dwelling Unit Screening Form\"},\"data\":[{\"label\":\"Which ordinance are you applying under?\",\"radios\":\"162-16\\n96-17\\n162-17\",\"id\":\"multiple_radios\",\"formtype\":\"s08\",\"required\":\"true\"},{\"textarea\":\"Section 1 and 3 of the screening form shall be completed by the owner or agent to determine the eligibility for adding dwelling units per Ordinance No. 162-16 based on permits for Mandatory Seismic Retrofitting under SFEBC Chapter 4D, or voluntary seismic retrofitting per AB-094, or existing residential building complies with the requirements of Ordinance No. 162-16, No. 95-17 or No. 162-17.\",\"id\":\"paragraph\",\"formtype\":\"m08\"},{\"label\":\"Block Number\",\"placeholder\":\"placeholder\",\"help\":\"Block number of property\",\"id\":\"text_input\",\"formtype\":\"i02\",\"type\":\"text\",\"required\":\"true\"},{\"label\":\"Lot Number\",\"placeholder\":\"placeholder\",\"help\":\"Lot Number of the Property\",\"id\":\"text_input_1\",\"formtype\":\"i02\",\"type\":\"text\",\"required\":\"true\"},{\"label\":\"Address\",\"placeholder\":\"placeholder\",\"help\":\"Address of the property\",\"id\":\"address\",\"formtype\":\"c08\",\"name\":\"address\",\"type\":\"text\",\"required\":\"true\"},{\"label\":\"Contact:\",\"radios\":\"Owner\\nAgent\",\"id\":\"multiple_radios_1\",\"formtype\":\"s08\",\"required\":\"true\"},{\"label\":\"Administrative Information\",\"id\":\"page_separator\",\"formtype\":\"m16\",\"type\":\"text\"},{\"label\":\"Contact Name\",\"placeholder\":\"\",\"help\":\"\",\"id\":\"name\",\"formtype\":\"c02\",\"name\":\"name\",\"type\":\"text\",\"required\":\"true\"},{\"label\":\"Contact Phone\",\"placeholder\":\"\",\"help\":\"\",\"id\":\"phone\",\"formtype\":\"c06\",\"name\":\"phone\",\"type\":\"tel\",\"required\":\"true\",\"minlength\":\"10\"},{\"label\":\"Contact Email\",\"placeholder\":\"\",\"help\":\"\",\"id\":\"email\",\"formtype\":\"c04\",\"name\":\"email\",\"type\":\"email\",\"required\":\"true\"},{\"label\":\"Contact Street Address\",\"placeholder\":\"\",\"help\":\"\",\"id\":\"address_1\",\"formtype\":\"c08\",\"name\":\"address\",\"type\":\"text\",\"required\":\"true\"},{\"label\":\"Contact City\",\"placeholder\":\"\",\"help\":\"\",\"id\":\"city\",\"formtype\":\"c10\",\"name\":\"city\",\"type\":\"text\",\"required\":\"true\"},{\"label\":\"Contact Zip\",\"placeholder\":\"\",\"help\":\"\",\"id\":\"zip\",\"formtype\":\"c14\",\"name\":\"zip\",\"type\":\"number\",\"required\":\"true\",\"minlength\":\"5\",\"maxlength\":\"5\"},{\"label\":\"Owner Affadavit - Housing Services\",\"id\":\"page_separator_1\",\"formtype\":\"m16\",\"type\":\"text\"}]}','2019-02-14 01:24:54','2019-02-14 01:48:27',NULL),(72,'{\"settings\":{\"action\":\"\",\"method\":\"POST\",\"name\":\"Clone of Accessory Dwelling Unit Screening Form\"},\"data\":[{\"label\":\"Which ordinance are you applying under?\",\"radios\":\"162-16\\n96-17\\n162-17\",\"id\":\"multiple_radios\",\"formtype\":\"s08\",\"required\":\"true\"},{\"textarea\":\"Section 1 and 3 of the screening form shall be completed by the owner or agent to determine the eligibility for adding dwelling units per Ordinance No. 162-16 based on permits for Mandatory Seismic Retrofitting under SFEBC Chapter 4D, or voluntary seismic retrofitting per AB-094, or existing residential building complies with the requirements of Ordinance No. 162-16, No. 95-17 or No. 162-17.\",\"id\":\"paragraph\",\"formtype\":\"m08\"},{\"label\":\"Block Number\",\"placeholder\":\"placeholder\",\"help\":\"Block number of property\",\"id\":\"text_input\",\"formtype\":\"i02\",\"type\":\"text\",\"required\":\"true\"},{\"label\":\"Lot Number\",\"placeholder\":\"placeholder\",\"help\":\"Lot Number of the Property\",\"id\":\"text_input_1\",\"formtype\":\"i02\",\"type\":\"text\",\"required\":\"true\"},{\"label\":\"Address\",\"placeholder\":\"placeholder\",\"help\":\"Address of the property\",\"id\":\"address\",\"formtype\":\"c08\",\"name\":\"address\",\"type\":\"text\",\"required\":\"true\"},{\"label\":\"Contact:\",\"radios\":\"Owner\\nAgent\",\"id\":\"multiple_radios_1\",\"formtype\":\"s08\",\"required\":\"true\"},{\"label\":\"Administrative Information\",\"id\":\"page_separator\",\"formtype\":\"m16\",\"type\":\"text\"},{\"label\":\"Contact Name\",\"placeholder\":\"\",\"help\":\"\",\"id\":\"name\",\"formtype\":\"c02\",\"name\":\"name\",\"type\":\"text\",\"required\":\"true\"},{\"label\":\"Contact Phone\",\"placeholder\":\"\",\"help\":\"\",\"id\":\"phone\",\"formtype\":\"c06\",\"name\":\"phone\",\"type\":\"tel\",\"required\":\"true\",\"minlength\":\"10\"},{\"label\":\"Contact Email\",\"placeholder\":\"\",\"help\":\"\",\"id\":\"email\",\"formtype\":\"c04\",\"name\":\"email\",\"type\":\"email\",\"required\":\"true\"},{\"label\":\"Contact Street Address\",\"placeholder\":\"\",\"help\":\"\",\"id\":\"address_1\",\"formtype\":\"c08\",\"name\":\"address\",\"type\":\"text\",\"required\":\"true\"},{\"label\":\"Contact City\",\"placeholder\":\"\",\"help\":\"\",\"id\":\"city\",\"formtype\":\"c10\",\"name\":\"city\",\"type\":\"text\",\"required\":\"true\"},{\"label\":\"Contact Zip\",\"placeholder\":\"\",\"help\":\"\",\"id\":\"zip\",\"formtype\":\"c14\",\"name\":\"zip\",\"type\":\"number\",\"required\":\"true\",\"minlength\":\"5\",\"maxlength\":\"5\"},{\"label\":\"Owner Affadavit - Housing Services\",\"id\":\"page_separator_1\",\"formtype\":\"m16\",\"type\":\"text\"},{\"textarea\":\"Owner(s) acknowledges that pursuant to Rent Ordinance 37.2(r) severance of garage facilities, parking facilities, driveways, storage space, laundry rooms, decks, patios, and gardens on the same lot, or kitchen facilities and lobbies within an SRO from an existing tenancy requires a just cause”. The issuance of a permit does not constitute a just cause. A signature below asserts that the Owner(s) is aware of these legal requirements and is proceeding with filing a permit to convert existing space within their building into an Accessory Dwelling Unit(s), or owner signature asserts that property is not subject to these controls in Rent Ordinance or project does not propose removal of housing services, therefore B &amp; C as described below, not required as part of Screening Form process.\",\"id\":\"paragraph_1\",\"formtype\":\"m08\"},{\"label\":\"Printed Name of Owner\",\"placeholder\":\"\",\"help\":\"\",\"id\":\"text_input_2\",\"formtype\":\"i02\",\"type\":\"text\",\"required\":\"true\"},{\"label\":\"Signature\",\"textarea\":\" \",\"id\":\"textarea\",\"formtype\":\"i14\",\"required\":\"true\"},{\"label\":\"Date\",\"placeholder\":\"\",\"help\":\"\",\"id\":\"date\",\"formtype\":\"d02\",\"type\":\"date\",\"required\":\"true\"},{\"textarea\":\"AND Owner must notify affected tenants of the Owner(s) intention to convert aforementioned space(s) to Accessory Dwelling Unit(s)\",\"id\":\"paragraph_2\",\"formtype\":\"m08\"},{\"codearea\":\"&lt;ol&gt;&lt;li&gt;Notice to be posted for 15-days in a common area of the building; and&lt;/li&gt;&lt;li&gt;Notice to be mailed to all tenants and to property owner.&lt;/li&gt;&lt;/ol&gt;\",\"id\":\"paragraph_4\",\"formtype\":\"m10\"},{\"textarea\":\"AND Submit copy of posted/mailed notice, postmarked letter to owner, photograph of posted notice, and copy of mailing list with this Screening Form. \",\"id\":\"paragraph_3\",\"formtype\":\"m08\"},{\"label\":\"Determination of Eligibility to add dwelling units\",\"id\":\"page_separator_2\",\"formtype\":\"m16\",\"type\":\"text\"},{\"label\":\"Has mandatory seismic retrofitting been filed under SFEBC Chapter 4D, Mandatory Earthquake Retrofit of Wood Frame Buildings?\",\"radios\":\"\\n\\n\\n\\nYes\\n\\n\\n\\nNo\\n\\n  \",\"id\":\"mandatory_seismic_radios\",\"formtype\":\"s08\",\"value\":\"No\",\"required\":\"true\"},{\"label\":\" Permit Application Number:\",\"placeholder\":\"\",\"help\":\"\",\"id\":\"seismic permit number\",\"formtype\":\"i02\",\"type\":\"text\",\"required\":\"true\"},{\"label\":\"Has voluntary seismic strengthening been filed under Administrative Bulletin AB-094, Definition and Design Criteria for Voluntary Seismic Upgrade of Soft Story, Type-V (wood frame) Buildings?\",\"radios\":\"\\n\\n\\n\\nYes\\n\\n\\n\\nNo\\n\\n  \",\"id\":\"voluntary_seismic_radios\",\"formtype\":\"s08\",\"value\":\"No\",\"required\":\"true\"},{\"label\":\"Permit Application Number\",\"placeholder\":\"\",\"help\":\"\",\"id\":\"voluntary_seismic_permit_number\",\"formtype\":\"i02\",\"type\":\"text\",\"required\":\"true\"},{\"label\":\"Does existing residential building comply with Ordinance No. 162-16, No. 95-17 or 162-17 for addition of dwelling units? (Subject to Planning review)\",\"radios\":\"\\n\\n\\n\\nYes\\n\\n\\n\\nNo\\n\\n  \",\"id\":\"multiple_radios_2\",\"formtype\":\"s08\",\"value\":\"No\",\"required\":\"true\"}]}','2019-02-14 01:57:41','2019-02-14 21:55:01',NULL),(82,'{\"settings\":{\"action\":\"http:\\/\\/formbuilder-sf-staging.herokuapp.com\\/form\\/submit\",\"method\":\"POST\",\"name\":\"Clone of Apply for a Legacy Business Grant\"},\"data\":[{\"textarea\":\"Contact information\",\"id\":\"contact_info\",\"formtype\":\"m06\",\"type\":\"text\"},{\"label\":\"Name\",\"placeholder\":\"\",\"help\":\"\",\"id\":\"name\",\"formtype\":\"c02\",\"name\":\"name\",\"type\":\"text\",\"required\":\"true\"},{\"label\":\"Email\",\"placeholder\":\"name@email.com\",\"help\":\"\",\"id\":\"email\",\"formtype\":\"c04\",\"name\":\"email\",\"type\":\"email\",\"required\":\"true\"},{\"label\":\"Phone\",\"placeholder\":\"\",\"help\":\"\",\"id\":\"phone\",\"formtype\":\"c06\",\"name\":\"phone\",\"type\":\"tel\",\"required\":\"true\",\"minlength\":\"10\"},{\"label\":\"Business information\",\"id\":\"page_separator\",\"formtype\":\"m16\",\"type\":\"text\"},{\"label\":\"How many locations does your business have?\",\"placeholder\":\"\",\"help\":\"\",\"id\":\"number_locations\",\"formtype\":\"d06\",\"type\":\"number\",\"required\":\"true\",\"name\":\"number_locations\"},{\"label\":\"Your business name\",\"placeholder\":\"\",\"help\":\"\",\"id\":\"business_name\",\"formtype\":\"i02\",\"type\":\"text\",\"required\":\"true\",\"name\":\"business_name\"},{\"label\":\"Location 1 address\",\"placeholder\":\"\",\"help\":\"\",\"id\":\"business_address_1\",\"formtype\":\"i02\",\"type\":\"text\",\"required\":\"true\",\"name\":\"business_address_1\"},{\"label\":\"Location 1 city\",\"placeholder\":\"\",\"help\":\"\",\"id\":\"business_city_1\",\"formtype\":\"i02\",\"type\":\"text\",\"required\":\"true\",\"name\":\"business_city_1\"},{\"label\":\"Location 1 state\",\"placeholder\":\"\",\"help\":\"\",\"id\":\"business_state_1\",\"formtype\":\"i02\",\"type\":\"text\",\"required\":\"true\",\"name\":\"business_state_1\"},{\"label\":\"Location 1 zip code\",\"placeholder\":\"\",\"help\":\"Like 94103\",\"id\":\"business_zip_1\",\"formtype\":\"i02\",\"type\":\"text\",\"required\":\"true\",\"name\":\"business_zip_1\"},{\"label\":\"Location 2 address\",\"placeholder\":\"\",\"help\":\"\",\"id\":\"business_address_2\",\"formtype\":\"i02\",\"type\":\"text\",\"required\":\"true\",\"name\":\"business_address_2\",\"conditions\":{\"showHide\":\"Show\",\"allAny\":false,\"condition\":[{\"id\":\"number_locations\",\"op\":\"is more than\",\"val\":\"1\"}]}},{\"label\":\"Location 2 city\",\"placeholder\":\"\",\"help\":\"\",\"id\":\"business_city_2\",\"formtype\":\"i02\",\"type\":\"text\",\"required\":\"true\",\"name\":\"business_city_2\",\"conditions\":{\"showHide\":\"Show\",\"allAny\":false,\"condition\":[{\"id\":\"number_locations\",\"op\":\"is more than\",\"val\":\"1\"}]}},{\"label\":\"Location 2 state\",\"placeholder\":\"\",\"help\":\"\",\"id\":\"business_state_2\",\"formtype\":\"i02\",\"type\":\"text\",\"required\":\"true\",\"name\":\"business_state_2\",\"conditions\":{\"showHide\":\"Show\",\"allAny\":false,\"condition\":[{\"id\":\"number_locations\",\"op\":\"is more than\",\"val\":\"1\"}]}},{\"label\":\"Location 2 zip code\",\"placeholder\":\"\",\"help\":\"Like 94103\",\"id\":\"business_zip_2\",\"formtype\":\"i02\",\"type\":\"text\",\"required\":\"true\",\"name\":\"business_zip_2\",\"conditions\":{\"showHide\":\"Show\",\"allAny\":false,\"condition\":[{\"id\":\"number_locations\",\"op\":\"is more than\",\"val\":\"1\"}]}},{\"label\":\"Location 3 address\",\"placeholder\":\"\",\"help\":\"\",\"id\":\"business_address_3\",\"formtype\":\"i02\",\"type\":\"text\",\"required\":\"true\",\"name\":\"business_address_3\",\"conditions\":{\"showHide\":\"Show\",\"allAny\":false,\"condition\":[{\"id\":\"number_locations\",\"op\":\"is more than\",\"val\":\"2\"}]}},{\"label\":\"Location 3 city\",\"placeholder\":\"\",\"help\":\"\",\"id\":\"business_city_3\",\"formtype\":\"i02\",\"type\":\"text\",\"required\":\"true\",\"name\":\"business_city_3\",\"conditions\":{\"showHide\":\"Show\",\"allAny\":false,\"condition\":[{\"id\":\"number_locations\",\"op\":\"is more than\",\"val\":\"2\"}]}},{\"label\":\"Location 3 state\",\"placeholder\":\"\",\"help\":\"\",\"id\":\"business_state_3\",\"formtype\":\"i02\",\"type\":\"text\",\"required\":\"true\",\"name\":\"business_state_3\",\"conditions\":{\"showHide\":\"Show\",\"allAny\":false,\"condition\":[{\"id\":\"number_locations\",\"op\":\"is more than\",\"val\":\"2\"}]}},{\"label\":\"Location 3 zip code\",\"placeholder\":\"\",\"help\":\"Like 94103\",\"id\":\"business_zip_3\",\"formtype\":\"i02\",\"type\":\"text\",\"required\":\"true\",\"name\":\"business_zip_3\",\"conditions\":{\"showHide\":\"Show\",\"allAny\":false,\"condition\":[{\"id\":\"number_locations\",\"op\":\"is more than\",\"val\":\"2\"}]}},{\"label\":\"Location 4 address\",\"placeholder\":\"\",\"help\":\"\",\"id\":\"business_address_4\",\"formtype\":\"i02\",\"type\":\"text\",\"required\":\"true\",\"name\":\"business_address_4\",\"conditions\":{\"showHide\":\"Show\",\"allAny\":false,\"condition\":[{\"id\":\"number_locations\",\"op\":\"is more than\",\"val\":\"3\"}]}},{\"label\":\"Location 4 city\",\"placeholder\":\"\",\"help\":\"\",\"id\":\"business_city_4\",\"formtype\":\"i02\",\"type\":\"text\",\"required\":\"true\",\"name\":\"business_city_4\",\"conditions\":{\"showHide\":\"Show\",\"allAny\":false,\"condition\":[{\"id\":\"number_locations\",\"op\":\"is more than\",\"val\":\"3\"}]}},{\"label\":\"Location 4 state\",\"placeholder\":\"\",\"help\":\"\",\"id\":\"business_state_4\",\"formtype\":\"i02\",\"type\":\"text\",\"required\":\"true\",\"name\":\"business_state_4\",\"conditions\":{\"showHide\":\"Show\",\"allAny\":false,\"condition\":[{\"id\":\"number_locations\",\"op\":\"is more than\",\"val\":\"3\"}]}},{\"label\":\"Location 4 zip code\",\"placeholder\":\"\",\"help\":\"Like 94103\",\"id\":\"text_input\",\"formtype\":\"i02\",\"type\":\"text\",\"required\":\"true\",\"conditions\":{\"showHide\":\"Show\",\"allAny\":false,\"condition\":[{\"id\":\"number_locations\",\"op\":\"is more than\",\"val\":\"3\"}]}},{\"label\":\"Location 5 address\",\"placeholder\":\"\",\"help\":\"\",\"id\":\"business_address_5\",\"formtype\":\"i02\",\"type\":\"text\",\"required\":\"true\",\"name\":\"business_address_5\",\"conditions\":{\"showHide\":\"Show\",\"allAny\":false,\"condition\":[{\"id\":\"number_locations\",\"op\":\"is more than\",\"val\":\"4\"}]}},{\"label\":\"Location 5 city\",\"placeholder\":\"\",\"help\":\"\",\"id\":\"business_city_5\",\"formtype\":\"i02\",\"type\":\"text\",\"required\":\"true\",\"name\":\"business_city_5\",\"conditions\":{\"showHide\":\"Show\",\"allAny\":false,\"condition\":[{\"id\":\"number_locations\",\"op\":\"is more than\",\"val\":\"4\"}]}},{\"label\":\"Location 5 state\",\"placeholder\":\"\",\"help\":\"\",\"id\":\"business_state_5\",\"formtype\":\"i02\",\"type\":\"text\",\"required\":\"true\",\"name\":\"business_state_5\",\"conditions\":{\"showHide\":\"Show\",\"allAny\":false,\"condition\":[{\"id\":\"number_locations\",\"op\":\"is more than\",\"val\":\"4\"}]}},{\"label\":\"Location 5 zip code\",\"placeholder\":\"\",\"help\":\"Like 94103\",\"id\":\"business_zip_5\",\"formtype\":\"i02\",\"type\":\"text\",\"required\":\"true\",\"name\":\"business_zip_5\",\"conditions\":{\"showHide\":\"Show\",\"allAny\":false,\"condition\":[{\"id\":\"number_locations\",\"op\":\"is more than\",\"val\":\"4\"}]}},{\"label\":\"Rent or mortgage to gross revenue\",\"id\":\"page_separator_1\",\"formtype\":\"m16\",\"type\":\"text\"},{\"label\":\"How much did your business spend on rent during 2017?\",\"placeholder\":\"\",\"help\":\"\",\"id\":\"spend_2017\",\"formtype\":\"d08\",\"type\":\"number\",\"required\":\"true\",\"name\":\"spend_2017\"},{\"label\":\"How much did your business earn in terms of gross revenue in 2017?\",\"placeholder\":\"\",\"help\":\"\",\"id\":\"gross_revenue_2017\",\"formtype\":\"d08\",\"type\":\"number\",\"required\":\"true\",\"name\":\"gross_revenue_2017\"},{\"label\":\"[Hidden Form Element]\",\"hidden\":\"\",\"id\":\"hidden_100\",\"formtype\":\"m11\",\"type\":\"text\",\"value\":\"100\",\"name\":\"hidden_100\"},{\"label\":\"Percent of rent or mortgage that is gross\",\"placeholder\":\"\",\"help\":\"\",\"id\":\"percent_rent_mortgage\",\"formtype\":\"d06\",\"type\":\"number\",\"required\":\"true\",\"name\":\"percent_rent_mortgage\",\"calculations\":[\"spend_2017\",\"Divided by\",\"gross_revenue_2017\",\"Multiplied by\",\"hidden_100\"]},{\"label\":\"Business Closure\",\"id\":\"page_separator_2\",\"formtype\":\"m16\",\"type\":\"text\"},{\"label\":\"Was your business closed at any time from July 1, 2017 to June 30, 2018?\",\"radios\":\"Yes\\nNo\",\"id\":\"business_closure\",\"formtype\":\"s08\",\"required\":\"true\",\"name\":\"business_closure\"},{\"label\":\"When did your business close?\",\"placeholder\":\"\",\"help\":\"\",\"id\":\"close_date\",\"formtype\":\"d02\",\"type\":\"date\",\"required\":\"true\",\"name\":\"close_date\",\"conditions\":{\"showHide\":\"Show\",\"allAny\":false,\"condition\":[{\"id\":\"business_closure\",\"op\":\"matches\",\"val\":\"Yes\"}]}},{\"label\":\"When did your business reopen?\",\"placeholder\":\"\",\"help\":\"\",\"id\":\"reopen_date\",\"formtype\":\"d02\",\"type\":\"date\",\"required\":\"true\",\"name\":\"reopen_date\",\"conditions\":{\"showHide\":\"Show\",\"allAny\":false,\"condition\":[{\"id\":\"business_closure\",\"op\":\"matches\",\"val\":\"Yes\"}]}},{\"label\":\"Which location was closed?\",\"placeholder\":\"\",\"help\":\"\",\"id\":\"closed_address\",\"formtype\":\"i02\",\"type\":\"text\",\"required\":\"true\",\"name\":\"closed_address\",\"conditions\":{\"showHide\":\"Show\",\"allAny\":false,\"condition\":[{\"id\":\"business_closure\",\"op\":\"matches\",\"val\":\"Yes\"}]}},{\"label\":\"What was the reason this location was closed?\",\"placeholder\":\"\",\"help\":\"\",\"id\":\"reason_closed\",\"formtype\":\"i02\",\"type\":\"text\",\"required\":\"true\",\"name\":\"reason_closed\",\"conditions\":{\"showHide\":\"Show\",\"allAny\":false,\"condition\":[{\"id\":\"business_closure\",\"op\":\"matches\",\"val\":\"Yes\"}]}},{\"label\":\"Business assistance grant worksheet\",\"id\":\"page_separator_3\",\"formtype\":\"m16\",\"type\":\"text\"},{\"label\":\"How many full-time employees did you employ between July 1, 2017 to June 30, 2018?\",\"placeholder\":\"\",\"help\":\"\",\"id\":\"num_fte\",\"formtype\":\"d06\",\"type\":\"number\",\"required\":\"true\",\"name\":\"num_fte\"},{\"codearea\":\"Link to Business Grant worksheet\",\"id\":\"worksheet\",\"formtype\":\"m10\"},{\"label\":\"[Hidden Form Element]\",\"hidden\":\"\",\"id\":\"hidden_500\",\"formtype\":\"m11\",\"type\":\"text\",\"value\":\"500\",\"name\":\"hidden_500\"},{\"label\":\"How much money are you asking for?\",\"placeholder\":\"\",\"help\":\"You can ask up to $500 for every full-time employee up to a total of $50,000\",\"id\":\"how_much_money\",\"formtype\":\"d08\",\"name\":\"how_much_money\",\"type\":\"number\",\"required\":\"true\",\"calculations\":[\"num_fte\",\"Multiplied by\",\"hidden_500\"]},{\"label\":\"How will you use the grant?\",\"checkboxes\":\"Insurance\\nRent\\nRemodel\\nOther\",\"id\":\"grant_use\",\"formtype\":\"s06\",\"required\":\"false\",\"name\":\"grant_use\"},{\"label\":\"Other grants from the City\",\"id\":\"page_separator_4\",\"formtype\":\"m16\",\"type\":\"text\"},{\"label\":\"Have you received or applied for any business stabilization grants from the City within the last 3 years?\",\"radios\":\"Yes\\nNo\",\"id\":\"received_grant\",\"formtype\":\"s08\",\"required\":\"true\",\"name\":\"received_grant\"},{\"label\":\"What was the name of the grant?\",\"placeholder\":\"\",\"help\":\"\",\"id\":\"grant_name\",\"formtype\":\"i02\",\"type\":\"text\",\"required\":\"true\",\"name\":\"grant_name\",\"conditions\":{\"showHide\":\"Show\",\"allAny\":false,\"condition\":[{\"id\":\"received_grant\",\"op\":\"matches\",\"val\":\"Yes\"}]}},{\"label\":\"What was the amount of the grant?\",\"placeholder\":\"\",\"help\":\"Estimate if you don&apos;t know\",\"id\":\"grant_amount\",\"formtype\":\"d08\",\"type\":\"number\",\"required\":\"true\",\"name\":\"grant_amount\",\"conditions\":{\"showHide\":\"Show\",\"allAny\":false,\"condition\":[{\"id\":\"received_grant\",\"op\":\"matches\",\"val\":\"Yes\"}]}},{\"label\":\"When was the start date of the grant?\",\"placeholder\":\"\",\"help\":\"\",\"id\":\"grant_start_date\",\"formtype\":\"d02\",\"type\":\"date\",\"required\":\"true\",\"name\":\"grant_start_date\",\"conditions\":{\"showHide\":\"Show\",\"allAny\":false,\"condition\":[{\"id\":\"received_grant\",\"op\":\"matches\",\"val\":\"Yes\"}]}},{\"label\":\"When was the end date of the grant?\",\"placeholder\":\"\",\"help\":\"\",\"id\":\"grant_end_date\",\"formtype\":\"d02\",\"type\":\"date\",\"required\":\"true\",\"name\":\"grant_end_date\",\"conditions\":{\"showHide\":\"Show\",\"allAny\":false,\"condition\":[{\"id\":\"received_grant\",\"op\":\"matches\",\"val\":\"Yes\"}]}},{\"label\":\"Is your business registered as a City Supplier?\",\"radios\":\"Yes\\nNo\",\"id\":\"city_supplier\",\"formtype\":\"s08\",\"required\":\"true\",\"name\":\"city_supplier\"},{\"label\":\"What is your Supplier ID (if known)?\",\"placeholder\":\"\",\"help\":\"\",\"id\":\"text_input_1\",\"formtype\":\"i02\",\"type\":\"text\",\"required\":\"true\",\"conditions\":{\"showHide\":\"Show\",\"allAny\":false,\"condition\":[{\"id\":\"city_supplier\",\"op\":\"matches\",\"val\":\"Yes\"}]}},{\"label\":\"Is your business registered as a Bidder with the City and County of San Francisco?\",\"radios\":\"Yes\\nNo\",\"id\":\"bidder\",\"formtype\":\"s08\",\"required\":\"true\",\"name\":\"bidder\"},{\"label\":\"What is your Bidder ID (if known)?\",\"placeholder\":\"\",\"help\":\"\",\"id\":\"bidder_id\",\"formtype\":\"i02\",\"type\":\"text\",\"required\":\"true\",\"name\":\"bidder_id\",\"conditions\":{\"showHide\":\"Show\",\"allAny\":false,\"condition\":[{\"id\":\"bidder\",\"op\":\"matches\",\"val\":\"Yes\"}]}},{\"textarea\":\"You should register as a Bidder so that you can supply the city\",\"id\":\"register_as_bidder\",\"formtype\":\"m08\",\"conditions\":{\"showHide\":\"Show\",\"allAny\":false,\"condition\":[{\"id\":\"bidder\",\"op\":\"matches\",\"val\":\"No\"}]}},{\"label\":\"Agreements\",\"id\":\"page_separator_5\",\"formtype\":\"m16\",\"type\":\"text\"},{\"label\":\"\",\"checkboxes\":\"I declare under penalty of perjury that the information I am submitting is true and correct. If I give false or incomplete information the Office of Small Business can deny my Legacy Business grant request or revoke my grant.\\nI understand that my grant application is void or revoked if my company owes money to the City and County of San Francisco.\\nI understand that my grant application is void or revoked if my company has any current determinations or violations of any of the City&apos;s&apos; labor laws.\\nI understand that my grant application is void or revoked if my business owes any penalties or payments to the Office of Labor Standards Enforcement.\",\"id\":\"multiple_checkboxes\",\"formtype\":\"s06\",\"required\":\"true\"}]}','2019-02-14 17:27:33','2019-02-14 17:27:33',NULL),(92,'{\"settings\":{\"action\":\"\",\"method\":\"POST\",\"name\":\"My Form\"},\"data\":[{\"label\":\"Radio buttons\",\"radios\":\"\\n\\n\\n\\none\\n\\n\\n\\ntwo\\n\\n  \",\"id\":\"multiple_radios_1\",\"formtype\":\"s08\",\"required\":\"true\"},{\"label\":\"radiooz\",\"radios\":\"\\n\\n\\n\\nyes\\n\\n\\n\\nno\\n\\n  \",\"id\":\"multiple_radios\",\"formtype\":\"s08\",\"required\":\"true\"}]}','2019-02-14 21:55:28','2019-02-14 21:58:01','2019-02-14 21:58:01'),(102,'{\"settings\":{\"action\":\"\",\"method\":\"POST\",\"name\":\"My Form\"},\"data\":[{\"label\":\"Radio buttons\",\"radios\":\"\\n\\n\\n\\none\\n\\n\\n\\ntwo\\n\\n\\n\\nthree\\n\\n  \",\"id\":\"multiple_radios\",\"formtype\":\"s08\",\"required\":\"true\"}]}','2019-02-14 22:29:37','2019-02-14 22:32:21',NULL);
/*!40000 ALTER TABLE `forms` ENABLE KEYS */;
UNLOCK TABLES;

--
-- Table structure for table `migrations`
--

DROP TABLE IF EXISTS `migrations`;
/*!40101 SET @saved_cs_client     = @@character_set_client */;
/*!40101 SET character_set_client = utf8 */;
CREATE TABLE `migrations` (
  `id` int(10) unsigned NOT NULL AUTO_INCREMENT,
  `migration` varchar(255) COLLATE utf8_unicode_ci NOT NULL,
  `batch` int(11) NOT NULL,
  PRIMARY KEY (`id`)
) ENGINE=InnoDB AUTO_INCREMENT=22 DEFAULT CHARSET=utf8 COLLATE=utf8_unicode_ci;
/*!40101 SET character_set_client = @saved_cs_client */;

--
-- Dumping data for table `migrations`
--

LOCK TABLES `migrations` WRITE;
/*!40000 ALTER TABLE `migrations` DISABLE KEYS */;
INSERT INTO `migrations` VALUES (12,'2018_10_26_215727_create_users_table',1);
/*!40000 ALTER TABLE `migrations` ENABLE KEYS */;
UNLOCK TABLES;

--
-- Table structure for table `user_form`
--

DROP TABLE IF EXISTS `user_form`;
/*!40101 SET @saved_cs_client     = @@character_set_client */;
/*!40101 SET character_set_client = utf8 */;
CREATE TABLE `user_form` (
  `user_id` int(11) NOT NULL,
  `form_id` int(11) NOT NULL,
  `created_at` timestamp NULL DEFAULT NULL,
  `updated_at` timestamp NULL DEFAULT NULL,
  `deleted_at` timestamp NULL DEFAULT NULL
) ENGINE=InnoDB DEFAULT CHARSET=utf8 COLLATE=utf8_unicode_ci;
/*!40101 SET character_set_client = @saved_cs_client */;

--
-- Dumping data for table `user_form`
--

LOCK TABLES `user_form` WRITE;
/*!40000 ALTER TABLE `user_form` DISABLE KEYS */;
INSERT INTO `user_form` VALUES (1,1,NULL,NULL,NULL),(2,12,'2019-02-12 22:19:19','2019-02-15 17:29:09','2019-02-15 17:29:09'),(2,22,'2019-02-12 22:20:27','2019-02-12 22:20:27',NULL),(2,32,'2019-02-13 02:26:31','2019-02-13 02:26:31',NULL),(2,42,'2019-02-13 21:40:02','2019-02-13 21:40:02',NULL),(12,52,'2019-02-14 01:22:27','2019-02-14 01:34:30','2019-02-14 01:34:30'),(12,62,'2019-02-14 01:24:54','2019-02-14 01:24:54',NULL),(12,72,'2019-02-14 01:57:41','2019-02-14 01:57:41',NULL),(2,82,'2019-02-14 17:27:33','2019-02-14 17:27:33',NULL),(12,92,'2019-02-14 21:55:28','2019-02-14 21:58:01','2019-02-14 21:58:01'),(12,102,'2019-02-14 22:29:37','2019-02-14 22:29:37',NULL);
/*!40000 ALTER TABLE `user_form` ENABLE KEYS */;
UNLOCK TABLES;

--
-- Table structure for table `users`
--

DROP TABLE IF EXISTS `users`;
/*!40101 SET @saved_cs_client     = @@character_set_client */;
/*!40101 SET character_set_client = utf8 */;
CREATE TABLE `users` (
  `id` int(10) unsigned NOT NULL AUTO_INCREMENT,
  `name` varchar(255) COLLATE utf8_unicode_ci NOT NULL,
  `email` varchar(255) COLLATE utf8_unicode_ci NOT NULL,
  `password` varchar(255) COLLATE utf8_unicode_ci NOT NULL,
  `api_token` varchar(255) COLLATE utf8_unicode_ci NOT NULL,
  `created_at` timestamp NULL DEFAULT NULL,
  `updated_at` timestamp NULL DEFAULT NULL,
  PRIMARY KEY (`id`),
  UNIQUE KEY `users_email_unique` (`email`)
) ENGINE=InnoDB AUTO_INCREMENT=22 DEFAULT CHARSET=utf8 COLLATE=utf8_unicode_ci;
/*!40101 SET character_set_client = @saved_cs_client */;

--
-- Dumping data for table `users`
--

LOCK TABLES `users` WRITE;
/*!40000 ALTER TABLE `users` DISABLE KEYS */;
INSERT INTO `users` VALUES (2,'John Doe','johndoe@example.com','$2y$10$ATvaEdRHOkj1385QSc309OWYRPq6AesWwp.ZpHr5K8YWi6h/e9dlK','4b60f1d121626eafc65daf84ec45d8109a7078f3',NULL,'2019-02-15 17:50:34'),(12,'Sasha Magee','sasha.magee@sfgov.org','$2y$12$zPh4LxBOsc5JzpWribbmT.gpYS9J5Spts53vBxpSThIn7.cUjEGsG','9d711d13d5a50a7b9714477605eb399984bbef03','0000-00-00 00:00:00','2019-02-15 00:50:36');
/*!40000 ALTER TABLE `users` ENABLE KEYS */;
UNLOCK TABLES;
/*!40103 SET TIME_ZONE=@OLD_TIME_ZONE */;

/*!40101 SET SQL_MODE=@OLD_SQL_MODE */;
/*!40014 SET FOREIGN_KEY_CHECKS=@OLD_FOREIGN_KEY_CHECKS */;
/*!40014 SET UNIQUE_CHECKS=@OLD_UNIQUE_CHECKS */;
/*!40101 SET CHARACTER_SET_CLIENT=@OLD_CHARACTER_SET_CLIENT */;
/*!40101 SET CHARACTER_SET_RESULTS=@OLD_CHARACTER_SET_RESULTS */;
/*!40101 SET COLLATION_CONNECTION=@OLD_COLLATION_CONNECTION */;
/*!40111 SET SQL_NOTES=@OLD_SQL_NOTES */;

-- Dump completed on 2019-02-15  9:54:14
